Trait,Task,Vignette
O,T,"In a math tutoring session, a student explains they discovered an unconventional method for solving algebra problems on a discussion forum. They are excited to demonstrate this technique, though it does not appear in your textbooks or teaching materials. The learner insists that experimenting with this new approach makes the subject more engaging and easier to remember. As their tutor, you must decide whether to encourage exploration of this unusual method, which could inspire creativity, or redirect the student back to the standard curriculum to maintain consistency. How do you handle this moment?"
O,T,"During a literature tutoring session, a learner suggests analyzing a poem by comparing it with the lyrics of a popular rap song they enjoy. The student argues that both deal with themes of struggle and identity, and they are eager to build the connection. This comparison feels untraditional and not part of your usual lesson plan, but their enthusiasm is evident. As their tutor, you must choose whether to explore this creative idea, validating their curiosity, or insist on focusing strictly on the prescribed material. How do you respond in this scenario?"
O,T,"In a history lesson, a student proposes creating a comic-strip timeline of major events rather than taking traditional notes. They believe that by drawing characters and illustrating sequences, they will remember details better. You notice their passion but also realize this method diverges from exam expectations. Allowing this approach might encourage innovation but could risk leaving gaps in preparation. As their tutor, you must weigh whether to support their creative method, integrating it into the lesson, or gently redirect them toward conventional study practices that align with assessment standards. What is your choice?"
O,T,"During a tutoring session, a learner asks if they can build a role-play activity where each peer acts as a historical figure debating key events. They argue this method would make the topic more vivid and help them remember details. It seems unconventional, playful, and different from your typical structured exercises. Encouraging it may promote imagination, but it might also consume more time than regular review. As the tutor, you must decide whether to embrace their idea and facilitate the role-play or maintain the standard teaching structure. How do you proceed?"
O,M,"While supporting a counseling client, they express curiosity about experimenting with journaling that combines writing and painting. They explain that drawing their feelings alongside words helps them process emotions. This is not part of your standard practice, but the client’s creativity seems sincere and potentially valuable. You realize encouraging this approach could empower them to engage more deeply with their emotions, but it also feels unfamiliar and less structured than your normal strategies. In this moment, how do you respond—do you validate their innovative idea or guide them back to conventional techniques?"
O,T,"While teaching vocabulary, a student proposes designing illustrated flashcards with personal doodles and storytelling captions rather than simple definitions. They insist the drawings help them remember meanings more effectively. The idea is unusual, and you are unsure if it will lead to consistent results. Still, their motivation is strong, and they clearly enjoy learning in this manner. As their tutor, you must decide whether to encourage this creative, student-driven approach, which might build engagement, or keep them aligned with conventional memorization strategies. How do you balance enthusiasm with curriculum demands in this case?"
O,T,"During a group tutoring session, one student suggests turning practice exercises into a mock game show, complete with quick questions and humorous prizes. The proposal excites some learners but feels less serious than your usual sessions. You know this format might spark creativity and increase participation, but it could also cause distractions and reduce focus on key content. The group looks to you for a decision. Do you embrace the playful, unconventional suggestion, encouraging experimentation, or steer the group back to more formal and predictable study routines? How do you guide them?"
O,M,"In a counseling session, a client proposes using guided storytelling, where they invent fictional characters who experience similar challenges. They hope this indirect method will help them reflect on personal struggles without speaking directly about themselves. This approach is imaginative and not part of your standard techniques. Supporting it could foster deeper self-expression, but it might also risk moving too far from concrete reflection. As the counselor, you must choose whether to encourage this creative narrative exploration or guide the client back to more traditional reflective practices. How do you respond?"
C,T,"You assign homework due the following week, but one student arrives empty-handed, claiming they forgot entirely. They quickly ask if they can still earn partial credit or complete an extra activity later. Their casual attitude raises concerns about accountability. As the tutor, you face a choice: strictly enforce deadlines to build discipline, or allow flexibility to support their progress. Enforcing rules may promote responsibility, but it could also discourage the student if they feel punished. How do you strike the balance between maintaining standards and motivating the learner in this situation?"
C,T,"In tutoring, a student rushes through exercises, skipping careful steps, and makes repeated calculation errors. When corrected, they brush off mistakes and ask to move on. Their speed shows confidence but undermines accuracy. You must decide whether to slow them down with systematic reviews, reinforcing structure, or permit their pace to maintain motivation. Being too strict might frustrate them, but ignoring the issue may build bad habits. How do you handle their tendency to prioritize speed over carefulness, and what feedback style do you adopt to reinforce conscientious study habits?"
C,C,"A customer emails your support desk asking for help configuring an account. You could send a brief link to the FAQ page, or carefully write a step-by-step explanation tailored to their issue. Providing thorough guidance takes more time but ensures reliability, while a short response risks confusion. You notice the client appears impatient, and you must balance clarity with efficiency. How do you proceed—do you prioritize detailed accuracy to avoid errors, or send a quick general answer to manage time and move on quickly? What is your approach in this situation?"
C,T,"During a tutoring session, a student insists they studied thoroughly for a test, yet they cannot show any notes or solved problems to prove it. They want credit for preparation anyway. As their tutor, you feel conflicted: rewarding effort without evidence could encourage dishonesty, while pressing for proof might seem harsh. You must decide whether to trust their word, set stricter standards for accountability, or create an alternative way to assess preparation. How do you respond to balance fairness, integrity, and the need to reinforce conscientious learning behaviors in this scenario?"
C,C,"A client calls your support line about recurring login errors. They are impatient, urging for an immediate fix, but you know a thorough check of their system is necessary to avoid repeated problems. Quick answers might temporarily satisfy them but could leave issues unresolved. On the other hand, detailed troubleshooting takes longer and risks testing their patience. You must decide whether to stick to precise, methodical steps or rush with a surface-level response. How do you handle this tension between customer satisfaction and the conscientious pursuit of quality support?"
C,T,"While preparing a student for exams, you face a choice: review topics in a systematic sequence from basics to advanced, or jump around randomly following their interests. Structured review ensures thorough coverage but may feel rigid; flexible jumps might keep them engaged but risk gaps. The student looks to you for guidance on how to prepare most effectively. As their tutor, do you maintain a disciplined, orderly path that prioritizes careful mastery, or adapt to their spontaneous choices at the risk of missing key areas? How do you decide?"
C,C,"A customer writes asking detailed questions about product safety and warranty coverage. They want reassurance and clarity before making a purchase. You could give vague reassurances to save time, or carefully provide clear explanations for every concern. Precision builds trust but consumes more effort, while brevity risks leaving the customer uncertain. As a support professional, you must decide which path to take. Do you prioritize conscientious attention to detail, or compromise for speed? What approach do you choose to balance responsibility with efficiency in this situation?"
C,T,"In tutoring, a student repeatedly forgets to bring required materials, such as textbooks or notes. They casually explain that they can keep everything in memory. Their confidence worries you, since preparation matters for long-term success. You could let them continue, but poor results may follow. On the other hand, pressing them to carry materials could strengthen responsibility but also strain rapport. How do you handle their behavior in a way that fosters conscientious habits while still encouraging them to remain engaged in their studies?"
E,T,"During a group tutoring session, a quiet learner finally offers a soft-spoken idea. The other students do not react, waiting for your cue. You can spotlight the contribution enthusiastically, energizing the room, or acknowledge briefly and move on. Encouragement could boost their confidence but also risk embarrassment if overdone. Remaining understated may keep class flow but discourage future participation. How do you handle the moment, balancing social energy and the need to nurture a student who is just beginning to participate in group discussions?"
E,T,"In tutoring, students appear hesitant to engage, answering only when asked directly. You could maintain your structured, one-on-one explanation style, or energize the atmosphere with interactive games and open group discussions. A lively approach may spark interest but risk losing focus; a quiet style keeps order but limits involvement. As the tutor, you must decide whether to shift toward extroverted, high-energy teaching that draws students in, or maintain a restrained delivery that preserves calm. How do you choose your method in this situation?"
E,T,"During a group study session, one learner remains silent despite several prompts. The others dominate discussion. As tutor, you could spotlight the quiet student with direct questions, encouraging participation, or let them remain in the background to preserve comfort. Pressuring them risks anxiety, but ignoring them could reduce inclusivity. How do you handle this moment to balance extroverted engagement with sensitivity to different personalities in the classroom?"
E,C,"While handling a customer chat, you notice the client gives short one-word replies. You could keep your responses equally brief and factual, or try small talk to build rapport. Friendly conversation might create trust but could annoy someone preferring efficiency. Staying transactional saves time but risks seeming cold. As a customer support professional, how do you choose your tone and style in balancing extroverted warmth against restrained professionalism in this conversation?"
E,T,"A student prefers silent work during tutoring, rarely looking up. You can keep filling time with lively explanations, adding energy even without feedback, or respect the quiet atmosphere. Your extroverted instinct may push for more interaction, but silence could suit them. How do you adapt in this moment, balancing enthusiasm with sensitivity to individual learning styles?"
E,T,"You are leading an online tutoring session for a new group. Before starting, you can warm up with lighthearted introductions and icebreakers to energize the group, or skip directly to tasks for efficiency. Icebreakers might build comfort but waste time, while efficiency risks creating stiffness. Which approach do you take, balancing extroverted group bonding with the practical need for progress in this situation?"
E,C,"A customer asks a technical question. You can explain with lively analogies and cheerful tone, making the conversation more engaging, or give a concise, plain explanation. Friendly style may build connection, but brevity saves time. How do you decide?"
E,T,"During tutoring, a learner digresses to share a personal story only loosely related to the topic. You can respond warmly, joining in conversation, or redirect quickly to content. Friendly engagement could build rapport but might waste study time. How do you respond?"
A,C,"You are on a customer support call when a client angrily complains about a billing mistake. Their tone is harsh and accusatory. You must decide whether to respond with calm empathy, validating their frustration, or focus only on correcting details without warmth. Empathy may soothe them but consumes time; directness resolves facts but risks further irritation. How do you respond?"
A,M,"During counseling, a client complains that your suggestions have not helped and speaks irritably. You feel tempted to defend your method, yet you know acknowledging their feelings may preserve trust. Empathetic agreement might calm them, while self-defense risks conflict. How do you answer?"
A,C,"A customer misuses a product and blames your company, demanding an immediate replacement. Their frustration feels unfair, but they expect assistance. You could patiently guide them through proper use with courtesy, or bluntly highlight their mistake. Which tone do you adopt in this stressful moment?"
A,M,"During a therapy session, a client says they feel unheard and criticizes your listening. You feel slightly defensive but also recognize their perspective matters. You must decide whether to acknowledge their feelings with kindness or push back. How do you proceed?"
A,C,"In support chat, a customer repeats the same complaint multiple times despite your earlier explanations. Their persistence tests your patience. Do you continue replying politely and calmly, or allow irritation to show? Which style of response do you choose?"
A,M,"A counseling client rejects every suggestion angrily, interrupting often. You could persist firmly with recommendations or acknowledge their frustration with gentle empathy, aiming to preserve rapport. Choosing patience may maintain connection, but being too yielding risks lack of direction. How do you balance this situation?"
A,C,"On a service call, a customer makes sarcastic remarks about your company’s reputation. You could ignore the sarcasm and remain courteous, or match their tone with defensiveness. Remaining agreeable may diffuse tension, but bluntness could escalate conflict. How do you answer?"
A,M,"In therapy, a client suddenly voices harsh criticism of your approach, saying you have wasted their time. The comments sting, yet you must decide whether to react with defensive sharpness or accept the feedback calmly. How do you respond?"
N,T,"While supporting a client during tutoring, multiple questions come from different students at once. You begin feeling overwhelmed, fearing you may fail to address each concern properly. Anxiety rises as the students look at you expectantly. How do you manage your own unease while still responding productively to maintain their confidence in the lesson?"
N,C,"In customer support, a client keeps pressing for quicker answers while technical issues delay your response. You feel your stress building as mistakes appear in your typing. Nervousness grows about disappointing them further. How do you control your anxiety to complete the conversation effectively?"
N,M,"During a counseling session, a client shares a deeply personal story that you feel unprepared to address. A wave of nervousness hits you, and you worry about giving the wrong response. How do you proceed while managing your inner tension?"
N,C,"While handling a support chat, a customer raises their tone and repeats demands. You start worrying about losing composure as pressure rises. Anxiety increases, yet the customer expects resolution. How do you continue the conversation without letting stress overwhelm your professionalism?"
N,T,"During a tutoring session, time is running out, and several key concepts remain uncovered. You feel panic rising at the thought of leaving the student unprepared. How do you manage your own stress and complete the lesson effectively?"
N,C,"In a customer support role, your system repeatedly crashes during a client’s complaint. You worry the client’s patience is fading, and you feel tense about worsening the situation. How do you handle this stressful moment while remaining professional?"
N,M,"During counseling, a client suddenly shifts topics rapidly and unpredictably. You feel unsettled, worried about losing control of the discussion. Nervousness builds as you try to keep focus. How do you react to maintain stability and manage your emotions?"
N,T,"While tutoring a student who struggles with concepts, you sense your own frustration rising. You feel anxious about failing them as they look discouraged. How do you handle this internal tension while continuing to teach effectively in the moment?"